{
  "project_info": {
    "project_number": "84317991758",
    "project_id": "pokedex-app-da1f7",
    "storage_bucket": "pokedex-app-da1f7.firebasestorage.app"
  },
  "client": [
    {
      "client_info": {
        "mobilesdk_app_id": "1:84317991758:android:012d2a1df6978ede79641f",
        "android_client_info": {
          "package_name": "com.example.pokedex"
        }
      },
      "oauth_client": [],
      "api_key": [
        {
          "current_key": "AIzaSyBY0TANvtT5rcvCPZO58-dEsGiEEz3U3Cw"
        }
      ],
      "services": {
        "appinvite_service": {
          "other_platform_oauth_client": []
        }
      }
    }
  ],
  "configuration_version": "1"
}